first_name,last_name,gender
Fiona,Claringbold,F
Gypsy,Margarson,F
Jolee,Leneham,F
Annamarie,Jocic,F
Rubin,Hunnisett,M
Emanuel,Haffenden,M
Vanessa,Francois,F
Sarena,Keir,F
Ellsworth,Rogerson,M
Averell,Kerrey,M
Raphael,Every,M
Hortense,Sweet,F
Noami,Bru,F
Lyman,Placido,M
Sibella,Bagge,F
Mathew,Carah,M
Galven,Cardello,M
Donny,Edward,M
Brina,Meddick,F
Theodosia,Davidow,F
Courtnay,Marke,F
Madalena,Vaar,F
Konrad,Westbrook,M
Curr,Gimert,M
Windham,Mahoney,M
Artus,Mattiacci,M
Frederich,Thicking,M
Abbey,Snoddin,F
Jack,Wadforth,M
Beverlee,Forseith,F
Julianna,Borthe,F
Bernhard,Bedwell,M
Brittaney,Burroughes,F
Claiborne,Rowdell,M
Thorndike,Bartoszewski,M
Vinnie,Whitney,M
Berkly,Lamperti,M
Chaddy,Mutton,M
Wenonah,Premble,F
Drake,Growcott,M
Aveline,Justham,F
Doro,Esberger,F
Delbert,McVittie,M
Beatrix,Matcham,F
Tiffie,Mairs,F
Demetris,Gasgarth,M
Dacie,Tobin,F
Conny,Thursfield,M
Lorri,Screeton,F
Bernarr,Michael,M
Gardener,Comiam,M
Guinna,Twiddell,F
Quintus,McCaughran,M
Brana,Lownds,F
Farly,Caldwall,M
Nerta,Shenley,F
Lenette,Challinor,F
Elia,Farmloe,M
Florentia,Ashcroft,F
Delainey,Bertelmot,M
Putnem,Geelan,M
Rhianna,Coalburn,F
Vick,Lewing,M
Orelia,Strete,F
Sherwin,Klimushev,M
Glynnis,Gavriel,F
Madalena,Ornils,F
Aldwin,Travers,M
Kakalina,Outridge,F
Gaelan,Leverson,M
Douglas,Pescud,M
Carmina,Quipp,F
Barnebas,Manley,M
Tandi,Trewartha,F
Iago,Campanelli,M
Georgianne,Petters,F
Mireielle,Cadle,F
Peyter,Shannon,M
Bartram,Bedford,M
Aloin,Ablett,M
Grantley,Capun,M
Kellen,Slides,M
Leif,Laughrey,M
Emera,McTurlough,F
Oneida,Renshall,F
Dolli,Standering,F
Honor,Chimes,F
Georgeta,Oolahan,F
Leland,Fluger,F
Meredith,Amsden,M
Demetris,Skeermer,F
Phineas,Dranfield,M
Hewett,Oxton,M
Sid,Ockendon,M
Ally,Hellmer,F
Bernard,Pawelski,M
Karylin,Dancey,F
Hermann,Armin,M
Guy,O'Caherny,M
Damiano,Vinecombe,M
